번호,설명
1.0,1회 뽑기 결과창
,"- 뽑기 또는 보상 획득 시 결과 파츠를 중앙에 출력합니다.
    > 파츠 아이콘 표시
    > 파츠 이름 표시
    > 파츠 등급 색상 적용
    > 예시: 전설 등급 → 노란색

- 파츠 획득 시 등급에 따른 연출을 출력합니다.
    > 희귀도별 이펙트 출력 가능
    > 등장 애니메이션 재생 가능

- 획득한 파츠를 중앙 강조 형태로 출력합니다."
2.0,확인 버튼
,"- 획득 결과 화면을 종료합니다.
    > 버튼 선택 시 결과창 종료 진행"
3.0,10회 뽑기 결과창
,"- 다중 뽑기 시 획득한 파츠 목록을 출력
    > 그리드 형태 출력
    > 최대 10개 결과 표시

- 각 파츠의 정보를 함께 출력
    > 파츠 아이콘
    > 파츠 이름
    > 등급 색상

- 파츠 등급에 따라 배경 색상을 구분
    > 파츠 아이콘 표시
    > 파츠 이름 표시
    > 파츠 등급 색상 적용
    > 예시: 전설 등급 → 노란색

- 획득 순서 기준으로 출력
    > 좌 → 우
    > 상 → 하"
